tweet	kelas
RT Mantap Ibu Ketua Komisi 1 DPR RI Kalau batas wilayah diakui UNCLOS hukum laut internas 	Neutral
RT putra Pernyataan Mhd 5 thn up to date utk Bangsa negara lengah 	Neutral
Pelaku Penyiraman Air Keras Ke Novel Ditangkap Eva DPRRI Minta Polri Tuntaskan Kasus Ini Secara Profesional 	Positive
Anggota DPR RI Tegaskan Pelaksanaan PON Aceh Jangan SampaiGagal 	Neutral
Anggota DPR RI Tegaskan Pelaksanaan PON Aceh Jangan SampaiGagal 	Neutral
RT Komisi I DPR Laut Natuna Milik RI Tak Perlu Ada Rundingan China Komisi I DPR Laut Natuna Milik RI Tak Perlu Ada 	Neutral
RT Komisi I DPR Jangan Karena Investasi China Kita Mentolerir Klaimnya Atas Natuna Rk g 	Neutral
Setuju ane bahasan ente bener Kalo perang all out yg perhitungkan s 	Neutral
Anggota DPR Ini Minta Jangan Saling Menyalahkan Soal Bencana Banjir Banjir BanjirJakarta IdahSyahidah 	Neutral
RT Memang kayanya bangsa butuh emak emak Yang tegas2 emak2 melulu 	Neutral
RT Memang kayanya bangsa butuh emak emak Yang tegas2 emak2 melulu 	Neutral
RT PBPMI Tim Rescue PMI Kota Tanggerang Selatan evakuasi orang tua warga korban banjir perumahan pesona serpong Cc 	Positive
RT Innalillahi Sungguh tragis mabuk suami tega menghilangkan nyawa istri MirasMesinPembunuh 	Neutral
RT 2 Laki VS 1 EmakKomisi I DPR Laut Natuna Milik RI Tak Perlu Ada Rundingan China https 	Neutral
RT Komisi I DPR Jangan Karena Investasi China Kita Mentolerir Klaimnya Atas Natuna 	Neutral
RT NYONGE Rusli TNI TNIAU ad TNIAL Polri Waduh profil dosen UI angt fraksi TNI 	Neutral
RT Komisi I DPR Jangan Karena Investasi China Kita Mentolerir Klaimnya Atas Natuna 	Neutral
RT Anggota DPR DPRD PKS Diinstruksikan Bantu Korban Banjir 	Neutral
RT Memang kayanya bangsa butuh emak emak Yang tegas2 emak2 melulu 	Neutral
MEMBERA NAMBAH GANANGKUTGUEAMAKEY AMA JUGAGA ANGKUTDPR LU 	Neutral
BURT Serahkan Bantuan DPR Peduli Bencana Kepada KorbanBanjir 	Neutral
RT PBPMI Tim Rescue PMI Kota Tanggerang Selatan evakuasi orang tua warga korban banjir perumahan pesona serpong Cc 	Positive
gak tag dpr 	Neutral
salfok dpr plis 	Neutral
Perjuangan Sama pilih anggota dpr dprd presidenpilih 5 menit y 	Neutral
RT ANGKUTGUE SAMAKEY GA ANGKUTDPR LU 	Neutral
ANGKUTGUE SAMAKEY GA ANGKUTDPR LU 	Neutral
Scara ngga lgsg negara sdh tergadaikan krna yg plg prinsip kedaulatan negara Qt sj s 	Positive
RT Memang kayanya bangsa butuh emak emak Yang tegas2 emak2 melulu 	Neutral
RT Memang kayanya bangsa butuh emak emak Yang tegas2 emak2 melulu 	Neutral
RT info Tanggul jebol parah RT 3 RW 9 Pondok Gede Permai Jatiasih Butuh penanganan SEGERA krn puncak musim hujan 	Neutral
RT 2 Laki VS 1 EmakKomisi I DPR Laut Natuna Milik RI Tak Perlu Ada Rundingan China https 	Neutral
RT 2 Laki VS 1 EmakKomisi I DPR Laut Natuna Milik RI Tak Perlu Ada Rundingan China https 	Neutral
Anggota Komisi 2 DPR RI fraksi Partai Amanat Nasional PAN Yandri Susanto sepakat korupsi 	Neutral
RT Innalillahi Lagilagi pesta miras nyawa melayang ditangan teman MirasMesinPembunuh 	Neutral
Mungkin gedung DPRMPR enak tidur yah ngomongin rakyatnya politik politikus 	Neutral
RT Innalillahi Sungguh tragis mabuk suami tega menghilangkan nyawa istri MirasMesinPembunuh 	Neutral
Tim Rescue PMI Kota Tanggerang Selatan evakuasi orang tua warga korban banjir perumahan pesona serpong Cc 	Positive
RT Komisi I DPR Jangan Karena Investasi China Kita Mentolerir Klaimnya Atas Natuna Rk g 	Neutral
TERKINI DPR Desak Pemerintah Bertindak Tegas Soal Natuna RMOLLAMPUNG lampung terkini 	Neutral
RT Komisi I DPR Jangan Karena Investasi China Kita Mentolerir Klaimnya Atas Natuna 	Neutral
RT rese Padahal dpr Tapi ingkar janji mulu 	Neutral
RT Komisi I DPR Laut Natuna Milik RI Tak Perlu Ada Rundingan China Komisi I DPR Laut Natuna Milik RI Tak Perlu Ada 	Neutral
Persik CEO muda tampan anggota DPR RI Berikut tanggapannya pelatih Joko Susilo 	Neutral
RT Rumah Dinas Ketua DPR MPR Tak Sesuai Aturan News lt bgmn Bang Hasan 	Neutral
RT Komisi I DPR Jangan Karena Investasi China Kita Mentolerir Klaimnya Atas Natuna Rk g 	Neutral
RT Komisi I DPR Jangan Karena Investasi China Kita Mentolerir Klaimnya Atas Natuna 	Neutral
RT Komisi I DPR Laut Natuna Milik RI Tak Perlu Ada Rundingan China Komisi I DPR Laut Natuna Milik RI Tak Perlu Ada 	Neutral
DPR pohon rindang 	Neutral
RT SLM BPJSDPR Belum Tentukan Subsidi Iuran Kelas III Mandiri Mencekik Rakyatnya Yg Tak Mampu Serta 	Neutral
Itu dr kerjamu Bpk Mitra pemerintah trs jd DPR yg Bpk kerjakan 	Neutral
RT MENHAN DAN MENKO MARITIMKALAU MASIH DIAM DAN BILANG CINA SAHABAT SEBAIKNYAMALU SAMA PEREMPUANCINA MENGUSIK KEDAULATAN IN 	Neutral
RT Komisi I DPR Desak Pemerintah Bertindak Tegas Soal Natuna China memasuki wilayah Natuna Tdk mainmain menyang 	Neutral
RT 2 Laki VS 1 EmakKomisi I DPR Laut Natuna Milik RI Tak Perlu Ada Rundingan China https 	Neutral
DPR Imbau Pemerintah Fokus Bantu Warga Tak Saling Menyalahkan 	Neutral
RT Komisi I DPR Jangan Karena Investasi China Kita Mentolerir Klaimnya Atas Natuna Rk g 	Neutral
DPR Dewe tatag 	Neutral
Ga suka deh nyuruh2 aja gak inisiatif aktif terlibat kyk anggota DPR 	Neutral
RT 2 Laki VS 1 EmakKomisi I DPR Laut Natuna Milik RI Tak Perlu Ada Rundingan China https 	Neutral
RT 2 Laki VS 1 EmakKomisi I DPR Laut Natuna Milik RI Tak Perlu Ada Rundingan China https 	Neutral
RT Hai China Ingat Kami Punya BANSER GARDA NKRIKalau anggota RITak 	Neutral
RT Ooohjadi ngebet pindah Ibokota persetujuan DPR amp rakyat rakyat h 	Neutral
RT 2 Laki VS 1 EmakKomisi I DPR Laut Natuna Milik RI Tak Perlu Ada Rundingan China https 	Neutral
DPR Gass yuk mutualan 	Neutral
DPR Hayuu nderr 	Neutral
Ya dukun sm anggota dpr lalunya yg kelam Masa 	Neutral
RT Ooohjadi ngebet pindah Ibokota persetujuan DPR amp rakyat rakyat h 	Neutral
RT Komisi I DPR Jangan Karena Investasi China Kita Mentolerir Klaimnya Atas Natuna 	Neutral
DPR Mau 	Neutral
RT Komisi I DPR Jangan Karena Investasi China Kita Mentolerir Klaimnya Atas Natuna Rk g 	Neutral
DPR Ga nice koo 	Positive
RT Innalillahi Sungguh tragis mabuk suami tega menghilangkan nyawa istri MirasMesinPembunuh 	Neutral
Dukun Anggota dpr 	Neutral
Rumah Dinas Ketua DPR MPR Tak Sesuai Aturan News lt bgmn Bang Hasan 	Neutral
RT Memang kayanya bangsa butuh emak emak Yang tegas2 emak2 melulu 	Neutral
RT mrka kader parpol Ngomong 2024 kyk tiket aje Punya kursi DPRpenekanan 	Neutral
Dorong pansus jiwasraya kgk kuat Kan Belum inves 	Neutral
Jawa Pos BPJSDPR Belum Tentukan Subsidi Iuran Kelas III MandiriP u y e n gmelalui 	Neutral
RT Komisi I DPR Desak Pemerintah Bertindak Tegas Soal Natuna China memasuki wilayah Natuna Tdk mainmain menyang 	Neutral
RT Wakil Ketua Komisi X DPR Hetifah Sjaifudian mengaku setuju Mendikbud Nadiem Makarim mengeluarkan Permendikbud Nomor 4 	Neutral
RT Komisi I DPR Jangan Karena Investasi China Kita Mentolerir Klaimnya Atas Natuna Rk g 	Neutral
Fraksi PKS DPR Perairan Natuna Wilayah Kedaulatan NKRI Titik Mobile 	Neutral
RT info Tanggul jebol parah RT 3 RW 9 Pondok Gede Permai Jatiasih Butuh penanganan SEGERA krn puncak musim hujan 	Neutral
RT Innalillahi Sungguh tragis mabuk suami tega menghilangkan nyawa istri MirasMesinPembunuh 	Neutral
RT hafid Kalau batas wilayah diakui UNCLOS hukum laut internasional 	Neutral
RT Komisi I DPR Jangan Karena Investasi China Kita Mentolerir Klaimnya Atas Natuna Rk g 	Neutral
RT Kalian silakan la ribut negara sahabat Kita emak2 monitor dukung emak yg BERJUANG DPR BPJS 	Neutral
RT 2 Laki VS 1 EmakKomisi I DPR Laut Natuna Milik RI Tak Perlu Ada Rundingan China https 	Neutral
RT Meskipun DPR AS Trump menyalahgunakan kekuasaan lengser Penjelasan proses 	Neutral
Tuan tuan RI mengerti 	Neutral
RT Memang kayanya bangsa butuh emak emak Yang tegas2 emak2 melulu 	Neutral
RT Komisi I DPR Jangan Karena Investasi China Kita Mentolerir Klaimnya Atas Natuna 	Neutral
RT Komisi I DPR Jangan Karena Investasi China Kita Mentolerir Klaimnya Atas Natuna Rk g 	Neutral
RT Memang kayanya bangsa butuh emak emak Yang tegas2 emak2 melulu 	Neutral
RT Memang kayanya bangsa butuh emak emak Yang tegas2 emak2 melulu 	Neutral
Hai China Ingat Kami Punya BANSER GARDA NKRIKalau anggota RI 	Neutral
RT Komisi I DPR Jangan Karena Investasi China Kita Mentolerir Klaimnya Atas Natuna Rk g 	Neutral
RT Perjuangan Anggota Fraksi PDI Perjuangan DPR RI Mukhlis Basri menyerahkan bantuan PDI Perjuangan korban banjir m 	Neutral
RT Komisi I DPR Jangan Karena Investasi China Kita Mentolerir Klaimnya Atas Natuna Rk g 	Neutral
RT Komisi I DPR Jangan Karena Investasi China Kita Mentolerir Klaimnya Atas Natuna Rk g 	Neutral
